fragment	probe	chr	type	dsdna_norm_capture_efficiency
2630	Neg_chr2-199707	chr2	ds_neg	0.0068444271441546
5315	chr2-650593-MET8	chr2	ds	1.799240949785909
8579	chr4-64420-CDC13	chr4	ds	1.506617360840794
9403	Neg_chr4-200383	chr4	ds_neg	0.0265991955365252
18529	Probe_URA-L-17213-MfeI-RC	chr5	ss	0.025853120539769
18529	Probe_URA-L-16220-MfeI-RC	chr5	ss	0.025853120539769
18535	Probe_URA-L-15683-SspI-RC	chr5	ss	0.0203062151291034
18559	Probe_URA-L-9924-MfeI-RC	chr5	ss	0.0084338912676787
18583	Probe_URA-L-6532-MfeI-RC	chr5	ss	0.0194303879589983
18589	Probe_URA-L-6065-SspI-RC	chr5	ss	0.1224211755546905
18600	Probe_URA-L-4543-SspI-RC	chr5	ss_neg	0.0029518619436875
18605	Probe_URA-L-3728-SspI-RC	chr5	ss	0.1594978590891397
18611	Probe_URA-L-3081-MfeI-RC	chr5	ss	0.3488062800051901
18614	Probe_URA-L-2599-MfeI-RC	chr5	ss	0.1791228753081614
18616	Probe_URA-L-1560-SspI-RC	chr5	ss	0.0284806020500843
18618	Probe_URA-L-774-MfeI-RC	chr5	ss_neg	0.0366874270144024
18621	Probe_URA-R-1439-SspI	chr5	ss	0.0246204748929544
18632	Probe_URA-R-2715-93-SspI	chr5	ss	0.02513948358635
18634	Probe_URA-R-2954-SspI	chr5	ss	0.0248799792396522
18666	Probe_URA-R-8073-SspI	chr5	ss	0.1839885818087453
18673	Probe_URA-R-9028-MfeI	chr5	ss	0.0440184248086155
18676	Probe_URA-R-10241-SspI	chr5	ss	0.0011353315168029
18694	Probe_URA-R-12116-SspI	chr5	ss	0.0217659270792785
18706	Probe_URA-R-13482-SspI	chr5	ss	0.0180355520954976
18706	Probe_URA-R-14040-MfeI	chr5	ss	0.0180355520954976
30534	Neg_chr8-103079	chr8	ds_neg	0.0250097314130011
30750	chr8-140404-ARG4-54nt	chr8	ds	1.194855326326716
32542	chr8-428677-DNA2	chr8	ds	0.3971065265343194
38864	chr10-449622-POL31	chr10	ds	1.1106786038666148
64173	Neg_chr15-331170	chr15	ds_neg	0.0035357467237576
65930	chr15-620339-PDR5	chr15	ds	0.4934475152458804
68339	chr15-996452-MEK1	chr15	ds	0.4980537173997664
